<?xml version="1.0" encoding="UTF-8"?>
<metadata xml:lang="pt"><Esri><CreaDate>20130829</CreaDate><CreaTime>15123100</CreaTime><ArcGISFormat>1.0</ArcGISFormat><SyncOnce>TRUE</SyncOnce><DataProperties><lineage><Process ToolSource="c:\program files (x86)\arcgis\desktop10.1\ArcToolbox\Toolboxes\Data Management Tools.tbx\CalculateField" Date="20130429" Time="104130">CalculateField uc_federal_04_2013 areaOficia "[Hectares] &amp; "ha"" VB #</Process><Process ToolSource="c:\program files (x86)\arcgis\desktop10.1\ArcToolbox\Toolboxes\Data Management Tools.tbx\CalculateField" Date="20130429" Time="104205">CalculateField uc_federal_04_2013 areaOficia "[Hectares] &amp; " ha"" VB #</Process><Process ToolSource="c:\program files (x86)\arcgis\desktop10.1\ArcToolbox\Toolboxes\Data Management Tools.tbx\CalculateField" Date="20130523" Time="162047">CalculateField uc_federal_04_2013 Codig_cnuc [Cod_CNUC] VB #</Process></lineage></DataProperties></Esri></metadata>
